TYPE,TIMESTAMP_NS,SYMBOL,PRICE,SIZE,BID_PRICE,BID_SIZE,ASK_PRICE,ASK_SIZE
QUOTE,1672583400262892188,SYNTH,,,99.99,4060,100.01,6800
QUOTE,1672583400329333056,SYNTH,,,99.99,2460,100.01,7510
TRADE,1672583400764029073,SYNTH,100.01,31,,,,
QUOTE,1672583400978019349,SYNTH,,,99.98,4700,100.0,4680
QUOTE,1672583401190511750,SYNTH,,,99.97,3250,99.99,9170
QUOTE,1672583401424538743,SYNTH,,,99.98,9920,100.0,9270
QUOTE,1672583401835757033,SYNTH,,,99.99,3310,100.01,5830
TRADE,1672583402195978705,SYNTH,100.01,126,,,,
QUOTE,1672583402565920251,SYNTH,,,99.97,1090,99.99,4780
TRADE,1672583403021455773,SYNTH,99.97,189,,,,
TRADE,1672583403504907862,SYNTH,99.99,127,,,,
TRADE,1672583403632162814,SYNTH,99.99,23,,,,
TRADE,1672583403990804120,SYNTH,99.99,18,,,,
QUOTE,1672583404021063879,SYNTH,,,99.95,4110,99.97,2010
QUOTE,1672583404511935010,SYNTH,,,99.95,4770,99.97,7790
TRADE,1672583404921906897,SYNTH,99.97,86,,,,
TRADE,1672583405136795621,SYNTH,99.95,61,,,,
QUOTE,1672583405597131771,SYNTH,,,99.95,4500,99.97,4930
QUOTE,1672583405834347111,SYNTH,,,99.94,3040,99.96,8170
QUOTE,1672583406020700402,SYNTH,,,99.95,1800,99.97,8550
QUOTE,1672583406516989648,SYNTH,,,99.95,4300,99.97,6610
QUOTE,1672583406536257442,SYNTH,,,99.95,5050,99.97,8280
QUOTE,1672583406564259923,SYNTH,,,99.96,4520,99.98,7290
QUOTE,1672583407016726655,SYNTH,,,99.96,6760,99.98,3040
TRADE,1672583407155007361,SYNTH,99.96,34,,,,
QUOTE,1672583407577554917,SYNTH,,,99.95,4410,99.97,1830
QUOTE,1672583407871525865,SYNTH,,,99.94,6930,99.96,7310
TRADE,1672583408111459636,SYNTH,99.94,170,,,,
QUOTE,1672583408213446861,SYNTH,,,99.94,4740,99.96,3330
TRADE,1672583408280305623,SYNTH,99.94,152,,,,
QUOTE,1672583408391513816,SYNTH,,,99.96,9700,99.98,8040
QUOTE,1672583408657966451,SYNTH,,,99.95,4560,99.97,5000
QUOTE,1672583408724351655,SYNTH,,,99.96,8760,99.98,3730
QUOTE,1672583409150435413,SYNTH,,,99.97,6030,99.99,1160
QUOTE,1672583409167867137,SYNTH,,,99.97,4750,99.99,9220
QUOTE,1672583409367213888,SYNTH,,,99.98,2840,100.0,3380
TRADE,1672583409459551034,SYNTH,99.98,55,,,,
QUOTE,1672583409886311638,SYNTH,,,99.97,7380,99.99,4470
QUOTE,1672583410177476811,SYNTH,,,99.96,9260,99.98,7070
QUOTE,1672583410274070639,SYNTH,,,99.97,2340,99.99,6310
TRADE,1672583410593722202,SYNTH,99.99,186,,,,
QUOTE,1672583410974196386,SYNTH,,,99.95,6960,99.97,9180
QUOTE,1672583411041798576,SYNTH,,,99.95,2980,99.97,1850
QUOTE,1672583411080467505,SYNTH,,,99.95,1460,99.97,5210
QUOTE,1672583411106248979,SYNTH,,,99.95,8100,99.97,2230
TRADE,1672583411224604095,SYNTH,99.95,47,,,,
QUOTE,1672583411489345369,SYNTH,,,99.95,2680,99.97,7930
QUOTE,1672583411573844205,SYNTH,,,99.95,4300,99.97,2440
TRADE,1672583412063630058,SYNTH,99.95,112,,,,
QUOTE,1672583412395890492,SYNTH,,,99.95,2360,99.97,8970
TRADE,1672583412462537510,SYNTH,99.97,193,,,,
QUOTE,1672583412731783580,SYNTH,,,99.94,6140,99.96,2430
QUOTE,1672583412757134665,SYNTH,,,99.93,9620,99.95,5880
QUOTE,1672583413230745178,SYNTH,,,99.94,3910,99.96,3320
TRADE,1672583413533875019,SYNTH,99.96,144,,,,
QUOTE,1672583413712128519,SYNTH,,,99.95,6790,99.97,7270
QUOTE,1672583413977225733,SYNTH,,,99.96,6700,99.98,6210
QUOTE,1672583414382960918,SYNTH,,,99.96,6040,99.98,3770
QUOTE,1672583414871693332,SYNTH,,,99.95,2520,99.97,3750
QUOTE,1672583415085520284,SYNTH,,,99.95,3200,99.97,8470
QUOTE,1672583415313820310,SYNTH,,,99.95,8930,99.97,1680
QUOTE,1672583415796016810,SYNTH,,,99.94,4690,99.96,9640
QUOTE,1672583415860135145,SYNTH,,,99.94,6390,99.96,1910
QUOTE,1672583416241602604,SYNTH,,,99.93,9410,99.95,2080
QUOTE,1672583416529226592,SYNTH,,,99.94,8500,99.96,8770
QUOTE,1672583416708473157,SYNTH,,,99.93,5270,99.95,8430
QUOTE,1672583417117829056,SYNTH,,,99.94,5390,99.96,4220
QUOTE,1672583417594729264,SYNTH,,,99.95,4690,99.97,9500
QUOTE,1672583417681559890,SYNTH,,,99.95,9420,99.97,4510
TRADE,1672583418101576154,SYNTH,99.95,118,,,,
TRADE,1672583418392252914,SYNTH,99.95,173,,,,
QUOTE,1672583418594341558,SYNTH,,,99.94,2470,99.96,3790
QUOTE,1672583418749032240,SYNTH,,,99.94,5860,99.96,8540
QUOTE,1672583419191253949,SYNTH,,,99.94,3980,99.96,1900
QUOTE,1672583419308442283,SYNTH,,,99.95,4580,99.97,5080
TRADE,1672583419745789026,SYNTH,99.97,146,,,,
TRADE,1672583419870594722,SYNTH,99.95,103,,,,
QUOTE,1672583419978668782,SYNTH,,,99.96,3400,99.98,8520
TRADE,1672583420062028688,SYNTH,99.96,116,,,,
QUOTE,1672583420540414653,SYNTH,,,99.95,3440,99.97,9300
QUOTE,1672583421039475295,SYNTH,,,99.96,4350,99.98,7230
QUOTE,1672583421103307325,SYNTH,,,99.96,2630,99.98,7300
TRADE,1672583421485176841,SYNTH,99.98,168,,,,
QUOTE,1672583421794398933,SYNTH,,,99.96,8050,99.98,8920
QUOTE,1672583421840962387,SYNTH,,,99.96,8050,99.98,6280
TRADE,1672583421979489656,SYNTH,99.96,58,,,,
TRADE,1672583422313250164,SYNTH,99.98,86,,,,
QUOTE,1672583422348038092,SYNTH,,,99.95,4840,99.97,7850
QUOTE,1672583422755049201,SYNTH,,,99.95,2960,99.97,5790
QUOTE,1672583423022238938,SYNTH,,,99.95,3220,99.97,3250
QUOTE,1672583423032947376,SYNTH,,,99.96,6050,99.98,7460
QUOTE,1672583423437060131,SYNTH,,,99.97,5120,99.99,7990
QUOTE,1672583423881182450,SYNTH,,,99.97,2050,99.99,8810
QUOTE,1672583424017276295,SYNTH,,,99.96,5140,99.98,6900
QUOTE,1672583424223141817,SYNTH,,,99.95,4140,99.97,8940
QUOTE,1672583424664927841,SYNTH,,,99.95,6760,99.97,3320
TRADE,1672583425153342750,SYNTH,99.95,23,,,,
QUOTE,1672583425206564421,SYNTH,,,99.95,3770,99.97,4610
QUOTE,1672583425691680033,SYNTH,,,99.96,3050,99.98,4250
TRADE,1672583426179981362,SYNTH,99.96,42,,,,
TRADE,1672583426560122503,SYNTH,99.98,195,,,,
QUOTE,1672583426897248452,SYNTH,,,99.97,3920,99.99,9480
TRADE,1672583427212968178,SYNTH,99.99,13,,,,
TRADE,1672583427495781123,SYNTH,99.97,181,,,,
TRADE,1672583427585205797,SYNTH,99.97,12,,,,
QUOTE,1672583427853882844,SYNTH,,,99.96,9590,99.98,5840
QUOTE,1672583428229332582,SYNTH,,,99.95,3860,99.97,4310
QUOTE,1672583428316613820,SYNTH,,,99.94,6040,99.96,8490
QUOTE,1672583428534240661,SYNTH,,,99.94,9250,99.96,2650
QUOTE,1672583428545685292,SYNTH,,,99.93,9010,99.95,7310
TRADE,1672583428948130740,SYNTH,99.95,111,,,,
QUOTE,1672583428994242511,SYNTH,,,99.93,6820,99.95,5940
TRADE,1672583429243281029,SYNTH,99.95,21,,,,
QUOTE,1672583429564584955,SYNTH,,,99.94,1500,99.96,9260
TRADE,1672583429619482299,SYNTH,99.94,41,,,,
QUOTE,1672583430109012123,SYNTH,,,99.95,5140,99.97,7060
QUOTE,1672583430522225101,SYNTH,,,99.95,7550,99.97,8010
QUOTE,1672583430660605698,SYNTH,,,99.95,3760,99.97,3620
QUOTE,1672583430990775216,SYNTH,,,99.94,6170,99.96,3510
TRADE,1672583431177114260,SYNTH,99.94,111,,,,
QUOTE,1672583431388306825,SYNTH,,,99.94,4190,99.96,1450
QUOTE,1672583431706186486,SYNTH,,,99.95,1550,99.97,2480
QUOTE,1672583432168848596,SYNTH,,,99.95,7210,99.97,5250
QUOTE,1672583432365030693,SYNTH,,,99.96,5650,99.98,5010
QUOTE,1672583432693813501,SYNTH,,,99.96,2720,99.98,5130
QUOTE,1672583433031891191,SYNTH,,,99.96,6180,99.98,3250
QUOTE,1672583433445516056,SYNTH,,,99.96,5430,99.98,9400
TRADE,1672583433756964706,SYNTH,99.96,86,,,,
QUOTE,1672583434220628053,SYNTH,,,99.95,2800,99.97,8710
TRADE,1672583434250725905,SYNTH,99.95,108,,,,
TRADE,1672583434603503388,SYNTH,99.95,14,,,,
QUOTE,1672583434972063480,SYNTH,,,99.94,8270,99.96,4090
TRADE,1672583435275807066,SYNTH,99.96,14,,,,
QUOTE,1672583435712403417,SYNTH,,,99.93,2580,99.95,1130
QUOTE,1672583435809754444,SYNTH,,,99.92,1730,99.94,8720
QUOTE,1672583435881288237,SYNTH,,,99.93,2120,99.95,6040
TRADE,1672583435944838373,SYNTH,99.95,48,,,,
TRADE,1672583436411059293,SYNTH,99.95,76,,,,
QUOTE,1672583436710570269,SYNTH,,,99.96,5370,99.98,8160
TRADE,1672583437069794683,SYNTH,99.98,178,,,,
QUOTE,1672583437102396245,SYNTH,,,99.95,6210,99.97,4590
QUOTE,1672583437490657736,SYNTH,,,99.96,3180,99.98,7590
QUOTE,1672583437980010893,SYNTH,,,99.97,7630,99.99,6460
TRADE,1672583438077691311,SYNTH,99.99,15,,,,
TRADE,1672583438257254373,SYNTH,99.99,83,,,,
QUOTE,1672583438277403375,SYNTH,,,99.96,2280,99.98,9580
QUOTE,1672583438696012742,SYNTH,,,99.95,5510,99.97,5470
QUOTE,1672583439010369633,SYNTH,,,99.95,5580,99.97,2410
QUOTE,1672583439190634429,SYNTH,,,99.96,6140,99.98,9650
TRADE,1672583439550277168,SYNTH,99.98,41,,,,
QUOTE,1672583439741434863,SYNTH,,,99.96,3020,99.98,7000
QUOTE,1672583440185135479,SYNTH,,,99.96,9970,99.98,3010
TRADE,1672583440655717966,SYNTH,99.98,198,,,,
TRADE,1672583440887223247,SYNTH,99.96,178,,,,
QUOTE,1672583441029970983,SYNTH,,,99.97,7780,99.99,5590
TRADE,1672583441488300724,SYNTH,99.97,40,,,,
QUOTE,1672583441695520468,SYNTH,,,99.96,5410,99.98,7760
TRADE,1672583441856294710,SYNTH,99.98,189,,,,
TRADE,1672583442326701652,SYNTH,99.98,12,,,,
QUOTE,1672583442478828809,SYNTH,,,99.96,8510,99.98,1890
QUOTE,1672583442760725799,SYNTH,,,99.96,7360,99.98,1400
QUOTE,1672583443070102952,SYNTH,,,99.97,2100,99.99,5010
QUOTE,1672583443416205248,SYNTH,,,99.96,9500,99.98,3960
QUOTE,1672583443633276785,SYNTH,,,99.97,3450,99.99,5080
TRADE,1672583444058180474,SYNTH,99.97,165,,,,
QUOTE,1672583444327972423,SYNTH,,,99.98,3160,100.0,9970
QUOTE,1672583444797652580,SYNTH,,,99.98,6680,100.0,3980
QUOTE,1672583444977292833,SYNTH,,,99.97,9260,99.99,8100
QUOTE,1672583445379334572,SYNTH,,,99.97,6450,99.99,8810
QUOTE,1672583445860895318,SYNTH,,,99.97,2390,99.99,5060
QUOTE,1672583446002922950,SYNTH,,,99.96,5070,99.98,8320
QUOTE,1672583446091555132,SYNTH,,,99.96,7590,99.98,7390
TRADE,1672583446153985772,SYNTH,99.98,158,,,,
QUOTE,1672583446375563778,SYNTH,,,99.97,1450,99.99,2050
TRADE,1672583446511708205,SYNTH,99.97,54,,,,
QUOTE,1672583446676051330,SYNTH,,,99.97,6080,99.99,6170
TRADE,1672583446808464465,SYNTH,99.99,69,,,,
TRADE,1672583447300448795,SYNTH,99.99,21,,,,
QUOTE,1672583447759357771,SYNTH,,,99.96,5370,99.98,7340
QUOTE,1672583448072629199,SYNTH,,,99.96,3410,99.98,7210
TRADE,1672583448510105055,SYNTH,99.96,57,,,,
TRADE,1672583448627581465,SYNTH,99.96,141,,,,
QUOTE,1672583448668762973,SYNTH,,,99.95,6380,99.97,8860
QUOTE,1672583449084287125,SYNTH,,,99.95,1880,99.97,6020
TRADE,1672583449347282701,SYNTH,99.95,124,,,,
QUOTE,1672583449768194415,SYNTH,,,99.94,7910,99.96,2700
TRADE,1672583450120191500,SYNTH,99.94,95,,,,
TRADE,1672583450356592968,SYNTH,99.96,141,,,,
QUOTE,1672583450832239752,SYNTH,,,99.92,9010,99.94,1180
QUOTE,1672583451291256366,SYNTH,,,99.91,8770,99.93,3620
TRADE,1672583451492643890,SYNTH,99.91,73,,,,
TRADE,1672583451733907750,SYNTH,99.91,145,,,,
QUOTE,1672583452158575065,SYNTH,,,99.89,6610,99.91,9050
QUOTE,1672583452219129681,SYNTH,,,99.89,4500,99.91,7390
QUOTE,1672583452615311947,SYNTH,,,99.88,8050,99.9,9660
TRADE,1672583452919440877,SYNTH,99.9,146,,,,
QUOTE,1672583452964412403,SYNTH,,,99.87,6040,99.89,5760
TRADE,1672583453452140780,SYNTH,99.87,76,,,,
QUOTE,1672583453867177806,SYNTH,,,99.86,1010,99.88,9380
TRADE,1672583453996524020,SYNTH,99.88,168,,,,
QUOTE,1672583454225775905,SYNTH,,,99.86,6070,99.88,8630
QUOTE,1672583454690505131,SYNTH,,,99.85,3310,99.87,9440
QUOTE,1672583455037977983,SYNTH,,,99.85,1120,99.87,8590
QUOTE,1672583455384278492,SYNTH,,,99.85,6580,99.87,1610
QUOTE,1672583455433337794,SYNTH,,,99.84,7760,99.86,9210
QUOTE,1672583455594711776,SYNTH,,,99.84,4460,99.86,6260
QUOTE,1672583455847218326,SYNTH,,,99.83,6970,99.85,6620
QUOTE,1672583456052180531,SYNTH,,,99.83,9310,99.85,3870
QUOTE,1672583456247699546,SYNTH,,,99.83,2560,99.85,4350
QUOTE,1672583456424149520,SYNTH,,,99.83,8030,99.85,9250
QUOTE,1672583456675584515,SYNTH,,,99.82,1050,99.84,1030
QUOTE,1672583456839632178,SYNTH,,,99.83,9630,99.85,1570
QUOTE,1672583457118249119,SYNTH,,,99.83,3300,99.85,7890
TRADE,1672583457551352195,SYNTH,99.85,122,,,,
QUOTE,1672583457838362015,SYNTH,,,99.84,6170,99.86,8760
QUOTE,1672583458074501703,SYNTH,,,99.84,4570,99.86,6950
QUOTE,1672583458510955475,SYNTH,,,99.83,8270,99.85,4580
QUOTE,1672583458528737135,SYNTH,,,99.84,5810,99.86,5450
QUOTE,1672583458948867842,SYNTH,,,99.83,7410,99.85,4170
TRADE,1672583458981950276,SYNTH,99.83,144,,,,
QUOTE,1672583459434032780,SYNTH,,,99.84,8390,99.86,6700
QUOTE,1672583459709002579,SYNTH,,,99.84,4490,99.86,4680
QUOTE,1672583459962980467,SYNTH,,,99.84,4880,99.86,6600
TRADE,1672583460396687898,SYNTH,99.84,36,,,,
QUOTE,1672583460713546842,SYNTH,,,99.83,9430,99.85,6740
TRADE,1672583461195582724,SYNTH,99.83,156,,,,
TRADE,1672583461333954709,SYNTH,99.83,97,,,,
QUOTE,1672583461593804161,SYNTH,,,99.84,6510,99.86,7730
QUOTE,1672583461748714932,SYNTH,,,99.84,5620,99.86,8480
QUOTE,1672583461922012838,SYNTH,,,99.84,2830,99.86,3500
QUOTE,1672583462173442041,SYNTH,,,99.83,2750,99.85,2740
TRADE,1672583462558404213,SYNTH,99.85,185,,,,
QUOTE,1672583462847520342,SYNTH,,,99.84,5070,99.86,7060
TRADE,1672583463150415294,SYNTH,99.84,180,,,,
TRADE,1672583463323254571,SYNTH,99.86,177,,,,
TRADE,1672583463480755584,SYNTH,99.86,88,,,,
QUOTE,1672583463628991784,SYNTH,,,99.84,1120,99.86,6530
TRADE,1672583464040886532,SYNTH,99.86,148,,,,
QUOTE,1672583464143028196,SYNTH,,,99.84,8850,99.86,6540
QUOTE,1672583464627346625,SYNTH,,,99.84,3340,99.86,6930
QUOTE,1672583464863526489,SYNTH,,,99.85,7910,99.87,7780
QUOTE,1672583464879526659,SYNTH,,,99.85,8440,99.87,1190
QUOTE,1672583465146730828,SYNTH,,,99.86,8770,99.88,7560
QUOTE,1672583465310683543,SYNTH,,,99.86,5160,99.88,7360
QUOTE,1672583465666064983,SYNTH,,,99.87,6610,99.89,5620
QUOTE,1672583466041530596,SYNTH,,,99.88,8220,99.9,6150
TRADE,1672583466307248743,SYNTH,99.9,99,,,,
QUOTE,1672583466552889578,SYNTH,,,99.89,3790,99.91,4270
QUOTE,1672583466961627574,SYNTH,,,99.9,6500,99.92,5960
QUOTE,1672583467197984908,SYNTH,,,99.9,4450,99.92,2430
TRADE,1672583467406448183,SYNTH,99.9,189,,,,
QUOTE,1672583467841334560,SYNTH,,,99.91,7820,99.93,1100
QUOTE,1672583468241708558,SYNTH,,,99.91,9330,99.93,4580
TRADE,1672583468328202823,SYNTH,99.91,113,,,,
QUOTE,1672583468493476302,SYNTH,,,99.92,8280,99.94,8920
QUOTE,1672583468918902052,SYNTH,,,99.92,4950,99.94,2080
QUOTE,1672583469251844746,SYNTH,,,99.92,4220,99.94,6300
QUOTE,1672583469401506453,SYNTH,,,99.91,8140,99.93,1130
QUOTE,1672583469567802617,SYNTH,,,99.92,8810,99.94,2670
TRADE,1672583469780909934,SYNTH,99.92,114,,,,
QUOTE,1672583469908512425,SYNTH,,,99.93,3860,99.95,9700
TRADE,1672583470132567983,SYNTH,99.93,179,,,,
TRADE,1672583470223390088,SYNTH,99.93,148,,,,
TRADE,1672583470563776633,SYNTH,99.93,75,,,,
QUOTE,1672583470831669824,SYNTH,,,99.92,1900,99.94,6200
QUOTE,1672583470876961435,SYNTH,,,99.92,6650,99.94,4700
QUOTE,1672583471289061239,SYNTH,,,99.93,3440,99.95,9250
QUOTE,1672583471586007400,SYNTH,,,99.93,8120,99.95,3560
QUOTE,1672583471648134852,SYNTH,,,99.93,5260,99.95,7570
QUOTE,1672583471817774615,SYNTH,,,99.92,5950,99.94,1120
QUOTE,1672583472118310027,SYNTH,,,99.92,1120,99.94,1120
QUOTE,1672583472606882497,SYNTH,,,99.91,9560,99.93,4940
TRADE,1672583472991217179,SYNTH,99.93,107,,,,
QUOTE,1672583473377894681,SYNTH,,,99.92,6550,99.94,3230
TRADE,1672583473412198702,SYNTH,99.94,108,,,,
QUOTE,1672583473848231913,SYNTH,,,99.92,9220,99.94,6400
TRADE,1672583473937910517,SYNTH,99.94,65,,,,
QUOTE,1672583474285101600,SYNTH,,,99.93,8690,99.95,5280
QUOTE,1672583474747731243,SYNTH,,,99.93,8090,99.95,9140
QUOTE,1672583474907314598,SYNTH,,,99.93,4920,99.95,1900
QUOTE,1672583475145288276,SYNTH,,,99.94,6740,99.96,1490
TRADE,1672583475523824198,SYNTH,99.96,91,,,,
QUOTE,1672583475848824647,SYNTH,,,99.95,8310,99.97,4450
QUOTE,1672583476274570181,SYNTH,,,99.94,4280,99.96,1720
TRADE,1672583476324382927,SYNTH,99.96,107,,,,
QUOTE,1672583476603611081,SYNTH,,,99.95,4240,99.97,8880
TRADE,1672583476975191085,SYNTH,99.97,60,,,,
QUOTE,1672583477467786150,SYNTH,,,99.94,8280,99.96,4870
QUOTE,1672583477860552472,SYNTH,,,99.94,3930,99.96,6250
QUOTE,1672583478111284164,SYNTH,,,99.95,6860,99.97,5000
TRADE,1672583478393367319,SYNTH,99.97,64,,,,
QUOTE,1672583478813519484,SYNTH,,,99.96,6020,99.98,3910
QUOTE,1672583478864180802,SYNTH,,,99.96,4170,99.98,8470
QUOTE,1672583479302438284,SYNTH,,,99.97,4090,99.99,1960
TRADE,1672583479357694129,SYNTH,99.97,35,,,,
QUOTE,1672583479561250214,SYNTH,,,99.97,4860,99.99,8860
QUOTE,1672583479646975014,SYNTH,,,99.97,5880,99.99,2060
QUOTE,1672583480089067357,SYNTH,,,99.97,4210,99.99,4440
QUOTE,1672583480313255934,SYNTH,,,99.98,5230,100.0,5980
QUOTE,1672583480619517136,SYNTH,,,99.98,1820,100.0,3960
QUOTE,1672583481066800530,SYNTH,,,99.98,7910,100.0,9190
QUOTE,1672583481463858138,SYNTH,,,99.99,9310,100.01,8300
TRADE,1672583481815662994,SYNTH,100.01,172,,,,
QUOTE,1672583481856111669,SYNTH,,,99.99,5960,100.01,9270
QUOTE,1672583481953768848,SYNTH,,,100.0,6630,100.02,6350
TRADE,1672583482088358637,SYNTH,100.0,48,,,,
QUOTE,1672583482253938039,SYNTH,,,100.0,2190,100.02,4780
QUOTE,1672583482648812746,SYNTH,,,100.0,9910,100.02,5350
QUOTE,1672583482844174286,SYNTH,,,100.0,2090,100.02,8410
QUOTE,1672583482969597687,SYNTH,,,100.01,4600,100.03,2380
QUOTE,1672583483190033152,SYNTH,,,100.01,3160,100.03,7420
QUOTE,1672583483390114431,SYNTH,,,100.0,3240,100.02,3290
QUOTE,1672583483469305839,SYNTH,,,100.01,3770,100.03,8140
TRADE,1672583483964601703,SYNTH,100.01,109,,,,
QUOTE,1672583484393392282,SYNTH,,,100.01,2070,100.03,3590
QUOTE,1672583484777172679,SYNTH,,,100.01,5040,100.03,2030
QUOTE,1672583484927875643,SYNTH,,,100.0,7690,100.02,7070
TRADE,1672583485150076685,SYNTH,100.02,81,,,,
TRADE,1672583485589091396,SYNTH,100.0,72,,,,
TRADE,1672583485932561929,SYNTH,100.0,96,,,,
QUOTE,1672583486270264130,SYNTH,,,100.0,7700,100.02,2660
QUOTE,1672583486382759507,SYNTH,,,99.99,3110,100.01,3630
QUOTE,1672583486828422431,SYNTH,,,99.98,3760,100.0,2280
QUOTE,1672583487140961236,SYNTH,,,99.98,8100,100.0,4830
QUOTE,1672583487167055508,SYNTH,,,99.98,1470,100.0,8860
TRADE,1672583487639438462,SYNTH,99.98,191,,,,
QUOTE,1672583487679193090,SYNTH,,,99.98,4040,100.0,3300
TRADE,1672583487783066319,SYNTH,100.0,40,,,,
QUOTE,1672583487933327474,SYNTH,,,99.98,5150,100.0,2800
TRADE,1672583487970850196,SYNTH,99.98,136,,,,
QUOTE,1672583488198120979,SYNTH,,,99.97,5670,99.99,5070
QUOTE,1672583488421865585,SYNTH,,,99.97,4440,99.99,3030
QUOTE,1672583488437154124,SYNTH,,,99.97,7810,99.99,9370
QUOTE,1672583488847123589,SYNTH,,,99.97,3420,99.99,4250
QUOTE,1672583489222206949,SYNTH,,,99.97,1550,99.99,8840
QUOTE,1672583489585835192,SYNTH,,,99.97,1090,99.99,4130
QUOTE,1672583489725989921,SYNTH,,,99.96,6720,99.98,6720
QUOTE,1672583489875082365,SYNTH,,,99.95,6650,99.97,3290
TRADE,1672583490225265160,SYNTH,99.97,143,,,,
TRADE,1672583490645667871,SYNTH,99.97,158,,,,
QUOTE,1672583490822145368,SYNTH,,,99.93,8830,99.95,4490
TRADE,1672583491304834865,SYNTH,99.93,135,,,,
QUOTE,1672583491693909632,SYNTH,,,99.93,6860,99.95,7410
TRADE,1672583492059933955,SYNTH,99.93,55,,,,
QUOTE,1672583492224828049,SYNTH,,,99.94,2450,99.96,2620
QUOTE,1672583492719228697,SYNTH,,,99.94,5650,99.96,8690
QUOTE,1672583492831889930,SYNTH,,,99.94,3540,99.96,6670
QUOTE,1672583493290255742,SYNTH,,,99.95,9100,99.97,9020
TRADE,1672583493408189242,SYNTH,99.95,197,,,,
QUOTE,1672583493637237335,SYNTH,,,99.94,9280,99.96,2300
QUOTE,1672583493765759366,SYNTH,,,99.93,1310,99.95,3040
TRADE,1672583494022190053,SYNTH,99.95,25,,,,
QUOTE,1672583494225876777,SYNTH,,,99.92,5650,99.94,5960
QUOTE,1672583494462134936,SYNTH,,,99.93,8660,99.95,3960
QUOTE,1672583494717630309,SYNTH,,,99.93,5550,99.95,9910
QUOTE,1672583494903220166,SYNTH,,,99.93,9830,99.95,3890
TRADE,1672583495242561346,SYNTH,99.93,175,,,,
QUOTE,1672583495526268818,SYNTH,,,99.94,7370,99.96,4370
QUOTE,1672583495877787091,SYNTH,,,99.94,8130,99.96,3600
TRADE,1672583496230844491,SYNTH,99.94,43,,,,
QUOTE,1672583496653658281,SYNTH,,,99.93,8040,99.95,3610
QUOTE,1672583497077429114,SYNTH,,,99.94,7450,99.96,9100
QUOTE,1672583497195516085,SYNTH,,,99.93,6810,99.95,3610
TRADE,1672583497306561959,SYNTH,99.93,65,,,,
QUOTE,1672583497436227752,SYNTH,,,99.93,6360,99.95,8780
QUOTE,1672583497459730445,SYNTH,,,99.93,9940,99.95,8360
QUOTE,1672583497932389670,SYNTH,,,99.92,5610,99.94,6260
TRADE,1672583498424681271,SYNTH,99.94,188,,,,
QUOTE,1672583498664730196,SYNTH,,,99.93,2960,99.95,4870
TRADE,1672583498709158174,SYNTH,99.95,18,,,,
QUOTE,1672583498950700500,SYNTH,,,99.94,9690,99.96,2490
QUOTE,1672583499107169492,SYNTH,,,99.95,7280,99.97,4350
QUOTE,1672583499314204394,SYNTH,,,99.94,6340,99.96,1650
QUOTE,1672583499330820490,SYNTH,,,99.94,7400,99.96,1940
TRADE,1672583499528536186,SYNTH,99.96,67,,,,
QUOTE,1672583499593758300,SYNTH,,,99.94,3760,99.96,2850
QUOTE,1672583499900352603,SYNTH,,,99.93,3150,99.95,5050
QUOTE,1672583499924871873,SYNTH,,,99.93,6180,99.95,1450
QUOTE,1672583500308944572,SYNTH,,,99.93,1320,99.95,3310
QUOTE,1672583500608504985,SYNTH,,,99.93,3240,99.95,8150
TRADE,1672583500942302233,SYNTH,99.93,51,,,,
TRADE,1672583501358367291,SYNTH,99.93,184,,,,
TRADE,1672583501497100944,SYNTH,99.95,48,,,,
QUOTE,1672583501879205874,SYNTH,,,99.93,7030,99.95,7630
QUOTE,1672583502020951089,SYNTH,,,99.94,7130,99.96,2640
QUOTE,1672583502176029429,SYNTH,,,99.95,2510,99.97,5920
TRADE,1672583502323469785,SYNTH,99.97,58,,,,
QUOTE,1672583502382573427,SYNTH,,,99.93,6320,99.95,3380
QUOTE,1672583502818358355,SYNTH,,,99.93,8020,99.95,3130
TRADE,1672583503221262004,SYNTH,99.95,144,,,,
QUOTE,1672583503307750330,SYNTH,,,99.95,7650,99.97,6490
QUOTE,1672583503805067626,SYNTH,,,99.95,5140,99.97,6230
TRADE,1672583503925365010,SYNTH,99.95,173,,,,
QUOTE,1672583504011790618,SYNTH,,,99.94,7880,99.96,7910
TRADE,1672583504343301542,SYNTH,99.96,133,,,,
QUOTE,1672583504484188067,SYNTH,,,99.95,9840,99.97,6820
QUOTE,1672583504757085240,SYNTH,,,99.94,2400,99.96,6670
QUOTE,1672583505227493323,SYNTH,,,99.94,2930,99.96,6350
QUOTE,1672583505680774616,SYNTH,,,99.93,1220,99.95,4020
QUOTE,1672583505974113588,SYNTH,,,99.92,3900,99.94,2970
QUOTE,1672583506332491730,SYNTH,,,99.93,8830,99.95,7950
TRADE,1672583506649194572,SYNTH,99.95,173,,,,
QUOTE,1672583506900946140,SYNTH,,,99.93,8530,99.95,8910
QUOTE,1672583507089032263,SYNTH,,,99.94,4150,99.96,7540
QUOTE,1672583507478935928,SYNTH,,,99.95,5190,99.97,6990
QUOTE,1672583507790120035,SYNTH,,,99.95,5720,99.97,6640
QUOTE,1672583507929478557,SYNTH,,,99.96,4890,99.98,5720
TRADE,1672583508399207566,SYNTH,99.98,95,,,,
QUOTE,1672583508441102920,SYNTH,,,99.95,3110,99.97,5700
QUOTE,1672583508940114087,SYNTH,,,99.94,7160,99.96,1090
QUOTE,1672583508992932592,SYNTH,,,99.95,6000,99.97,3670
QUOTE,1672583509359649677,SYNTH,,,99.94,3190,99.96,6270
QUOTE,1672583509758951043,SYNTH,,,99.94,7190,99.96,9280
QUOTE,1672583509984569184,SYNTH,,,99.93,6420,99.95,8920
QUOTE,1672583510070591164,SYNTH,,,99.93,3070,99.95,3250
QUOTE,1672583510346976008,SYNTH,,,99.92,6370,99.94,1370
QUOTE,1672583510636724603,SYNTH,,,99.92,5710,99.94,5160
QUOTE,1672583511073724954,SYNTH,,,99.93,1660,99.95,9000
TRADE,1672583511312904598,SYNTH,99.95,177,,,,
QUOTE,1672583511781225658,SYNTH,,,99.94,3450,99.96,3920
TRADE,1672583512260162090,SYNTH,99.94,164,,,,
QUOTE,1672583512743482775,SYNTH,,,99.95,7230,99.97,9870
QUOTE,1672583512890548632,SYNTH,,,99.95,4710,99.97,9060
QUOTE,1672583513095979745,SYNTH,,,99.95,8220,99.97,6870
TRADE,1672583513135818012,SYNTH,99.95,186,,,,
QUOTE,1672583513607555751,SYNTH,,,99.94,3220,99.96,7660
TRADE,1672583513781287809,SYNTH,99.94,35,,,,
QUOTE,1672583514026157457,SYNTH,,,99.96,4540,99.98,3990
TRADE,1672583514290340705,SYNTH,99.98,174,,,,
QUOTE,1672583514750632148,SYNTH,,,99.98,9740,100.0,7230
QUOTE,1672583514843454531,SYNTH,,,99.97,3010,99.99,5680
QUOTE,1672583515206863665,SYNTH,,,99.96,4540,99.98,9120
QUOTE,1672583515413632711,SYNTH,,,99.96,4690,99.98,7370
TRADE,1672583515838406829,SYNTH,99.96,134,,,,
QUOTE,1672583515862535332,SYNTH,,,99.95,4790,99.97,2280
QUOTE,1672583516237317493,SYNTH,,,99.95,9570,99.97,6780
QUOTE,1672583516698213814,SYNTH,,,99.96,4630,99.98,8840
QUOTE,1672583516865323939,SYNTH,,,99.96,4860,99.98,4000
QUOTE,1672583517035413412,SYNTH,,,99.95,8710,99.97,2940
TRADE,1672583517190459831,SYNTH,99.97,168,,,,
QUOTE,1672583517244596288,SYNTH,,,99.94,6320,99.96,2820
TRADE,1672583517539923024,SYNTH,99.94,182,,,,
QUOTE,1672583517823245977,SYNTH,,,99.95,5440,99.97,5410
TRADE,1672583517838151049,SYNTH,99.97,76,,,,
QUOTE,1672583517987828282,SYNTH,,,99.96,6260,99.98,6150
QUOTE,1672583518063541783,SYNTH,,,99.96,3750,99.98,9010
QUOTE,1672583518084038017,SYNTH,,,99.96,2390,99.98,3610
TRADE,1672583518464222010,SYNTH,99.96,59,,,,
QUOTE,1672583518717865318,SYNTH,,,99.96,8530,99.98,5450
TRADE,1672583518781799005,SYNTH,99.96,59,,,,
TRADE,1672583519248017335,SYNTH,99.96,114,,,,
TRADE,1672583519278019651,SYNTH,99.98,196,,,,
TRADE,1672583519543475840,SYNTH,99.98,161,,,,
QUOTE,1672583519905360291,SYNTH,,,99.95,7300,99.97,6780
QUOTE,1672583520129825993,SYNTH,,,99.95,6920,99.97,5510
QUOTE,1672583520556970514,SYNTH,,,99.95,4910,99.97,7250
QUOTE,1672583520990674947,SYNTH,,,99.94,2250,99.96,2740
TRADE,1672583521259568893,SYNTH,99.94,146,,,,
QUOTE,1672583521278126353,SYNTH,,,99.95,4610,99.97,5680
QUOTE,1672583521594850555,SYNTH,,,99.94,8270,99.96,5890
QUOTE,1672583521915136991,SYNTH,,,99.93,8330,99.95,5110
QUOTE,1672583522375746126,SYNTH,,,99.93,9550,99.95,1590
QUOTE,1672583522868033849,SYNTH,,,99.94,5590,99.96,4300
TRADE,1672583523157311107,SYNTH,99.94,100,,,,
QUOTE,1672583523169155449,SYNTH,,,99.94,4690,99.96,8150
QUOTE,1672583523599808954,SYNTH,,,99.94,8810,99.96,8460
TRADE,1672583523750004401,SYNTH,99.94,184,,,,
QUOTE,1672583523882677018,SYNTH,,,99.93,9440,99.95,2700
TRADE,1672583524176949372,SYNTH,99.93,89,,,,
QUOTE,1672583524444721076,SYNTH,,,99.93,7290,99.95,6980
QUOTE,1672583524477236004,SYNTH,,,99.94,4690,99.96,4080
TRADE,1672583524580552790,SYNTH,99.96,178,,,,
QUOTE,1672583524630952635,SYNTH,,,99.95,4910,99.97,3780
QUOTE,1672583525066291105,SYNTH,,,99.95,2700,99.97,1700
TRADE,1672583525547901298,SYNTH,99.95,189,,,,
QUOTE,1672583525639401133,SYNTH,,,99.95,5080,99.97,2350
QUOTE,1672583525698967998,SYNTH,,,99.95,3600,99.97,8350
TRADE,1672583526098410684,SYNTH,99.97,17,,,,
QUOTE,1672583526510718215,SYNTH,,,99.96,8430,99.98,7720
QUOTE,1672583526705625293,SYNTH,,,99.95,4730,99.97,9620
QUOTE,1672583527126008679,SYNTH,,,99.94,1120,99.96,6810
QUOTE,1672583527422533203,SYNTH,,,99.95,5440,99.97,6890
QUOTE,1672583527549948515,SYNTH,,,99.95,3560,99.97,4240
QUOTE,1672583527762124072,SYNTH,,,99.96,5550,99.98,7890
QUOTE,1672583527828956605,SYNTH,,,99.95,4250,99.97,9390
TRADE,1672583528134615634,SYNTH,99.97,92,,,,
TRADE,1672583528154684863,SYNTH,99.95,62,,,,
QUOTE,1672583528186749147,SYNTH,,,99.95,6240,99.97,5190
QUOTE,1672583528686086979,SYNTH,,,99.95,2000,99.97,3440
TRADE,1672583529085708954,SYNTH,99.95,127,,,,
TRADE,1672583529243314504,SYNTH,99.97,94,,,,
QUOTE,1672583529272092897,SYNTH,,,99.93,4890,99.95,8270
QUOTE,1672583529620683655,SYNTH,,,99.92,8360,99.94,2910
TRADE,1672583529764723147,SYNTH,99.94,150,,,,
QUOTE,1672583530051322540,SYNTH,,,99.92,7340,99.94,8840
QUOTE,1672583530535932180,SYNTH,,,99.92,7610,99.94,9410
QUOTE,1672583530934039804,SYNTH,,,99.92,8450,99.94,4410
TRADE,1672583531040270593,SYNTH,99.94,49,,,,
QUOTE,1672583531177960137,SYNTH,,,99.93,5110,99.95,5170
QUOTE,1672583531567673544,SYNTH,,,99.94,3450,99.96,6960
TRADE,1672583531795255487,SYNTH,99.94,60,,,,
QUOTE,1672583531830595240,SYNTH,,,99.94,7250,99.96,8270
QUOTE,1672583531956526117,SYNTH,,,99.95,1510,99.97,3230
QUOTE,1672583532393560866,SYNTH,,,99.94,5410,99.96,3790
TRADE,1672583532836529909,SYNTH,99.94,91,,,,
QUOTE,1672583533212315805,SYNTH,,,99.94,1730,99.96,3100
TRADE,1672583533573970515,SYNTH,99.96,19,,,,
QUOTE,1672583533833302962,SYNTH,,,99.95,9500,99.97,7930
QUOTE,1672583534279137892,SYNTH,,,99.94,2660,99.96,1350
QUOTE,1672583534473074371,SYNTH,,,99.93,8800,99.95,1320
QUOTE,1672583534697352410,SYNTH,,,99.94,8820,99.96,6620
QUOTE,1672583534807188771,SYNTH,,,99.93,1580,99.95,8750
QUOTE,1672583535188223732,SYNTH,,,99.94,4580,99.96,8590
TRADE,1672583535531092686,SYNTH,99.94,103,,,,
QUOTE,1672583535898576327,SYNTH,,,99.95,2870,99.97,1830
QUOTE,1672583536291983503,SYNTH,,,99.96,7890,99.98,6150
QUOTE,1672583536562744454,SYNTH,,,99.97,4310,99.99,3370
TRADE,1672583536939329765,SYNTH,99.97,60,,,,
TRADE,1672583537123267269,SYNTH,99.97,86,,,,
QUOTE,1672583537467970988,SYNTH,,,99.97,7660,99.99,6050
QUOTE,1672583537564939803,SYNTH,,,99.98,9950,100.0,9950
QUOTE,1672583537966760566,SYNTH,,,99.97,9750,99.99,4190
QUOTE,1672583538289477201,SYNTH,,,99.96,7020,99.98,5950
TRADE,1672583538542993284,SYNTH,99.98,171,,,,
TRADE,1672583538800779011,SYNTH,99.98,153,,,,
TRADE,1672583538892436197,SYNTH,99.96,42,,,,
QUOTE,1672583539282803754,SYNTH,,,99.97,9030,99.99,4360
QUOTE,1672583539388189942,SYNTH,,,99.98,9190,100.0,7950
QUOTE,1672583539488893595,SYNTH,,,99.99,8100,100.01,6210
QUOTE,1672583539703337823,SYNTH,,,99.99,1740,100.01,9760
TRADE,1672583540176235921,SYNTH,100.01,200,,,,
QUOTE,1672583540291997383,SYNTH,,,99.98,6460,100.0,7730
TRADE,1672583540316241760,SYNTH,100.0,85,,,,
QUOTE,1672583540466175061,SYNTH,,,99.98,3200,100.0,9440
QUOTE,1672583540511461517,SYNTH,,,99.98,4380,100.0,5970
QUOTE,1672583540622554824,SYNTH,,,99.99,5100,100.01,7770
TRADE,1672583540708334677,SYNTH,100.01,45,,,,
TRADE,1672583540811787804,SYNTH,100.01,75,,,,
QUOTE,1672583541200536103,SYNTH,,,100.0,5430,100.02,9640
QUOTE,1672583541338997806,SYNTH,,,100.01,4450,100.03,7500
QUOTE,1672583541374622298,SYNTH,,,100.0,7970,100.02,5770
QUOTE,1672583541655082706,SYNTH,,,99.99,9030,100.01,4990
QUOTE,1672583541953483389,SYNTH,,,99.98,7240,100.0,4620
QUOTE,1672583542259888037,SYNTH,,,99.98,3960,100.0,9940
QUOTE,1672583542674421257,SYNTH,,,99.98,5580,100.0,6450
QUOTE,1672583543120281703,SYNTH,,,99.98,4840,100.0,3740
QUOTE,1672583543573871254,SYNTH,,,99.98,3280,100.0,5210
QUOTE,1672583543769918294,SYNTH,,,99.98,9110,100.0,8220
QUOTE,1672583543799716315,SYNTH,,,99.99,7380,100.01,5780
QUOTE,1672583543849408315,SYNTH,,,99.98,4370,100.0,7480
QUOTE,1672583544042240741,SYNTH,,,99.98,4580,100.0,8830
QUOTE,1672583544424918559,SYNTH,,,99.98,9670,100.0,7970
TRADE,1672583544483389988,SYNTH,100.0,70,,,,
TRADE,1672583544616736495,SYNTH,99.98,80,,,,
QUOTE,1672583544854363399,SYNTH,,,99.97,2060,99.99,3700
QUOTE,1672583545005013339,SYNTH,,,99.97,6340,99.99,9720
TRADE,1672583545096807244,SYNTH,99.99,23,,,,
QUOTE,1672583545317629965,SYNTH,,,99.97,1320,99.99,1710
QUOTE,1672583545628155688,SYNTH,,,99.96,9330,99.98,6020
QUOTE,1672583546048553097,SYNTH,,,99.96,2780,99.98,2620
TRADE,1672583546453489143,SYNTH,99.96,140,,,,
QUOTE,1672583546748111341,SYNTH,,,99.95,5860,99.97,6960
QUOTE,1672583547184709621,SYNTH,,,99.95,1490,99.97,7350
TRADE,1672583547354061834,SYNTH,99.97,130,,,,
QUOTE,1672583547642286928,SYNTH,,,99.93,5070,99.95,3780
QUOTE,1672583547675955042,SYNTH,,,99.94,8170,99.96,3580
QUOTE,1672583548056675382,SYNTH,,,99.93,3490,99.95,1930
TRADE,1672583548306209047,SYNTH,99.95,70,,,,
QUOTE,1672583548458174471,SYNTH,,,99.91,7000,99.93,3260
QUOTE,1672583548772164066,SYNTH,,,99.91,1210,99.93,5230
QUOTE,1672583548796929873,SYNTH,,,99.9,8290,99.92,5400
QUOTE,1672583548902761598,SYNTH,,,99.91,6150,99.93,5950
QUOTE,1672583549092171282,SYNTH,,,99.91,1110,99.93,8840
QUOTE,1672583549208294297,SYNTH,,,99.9,8550,99.92,8200
QUOTE,1672583549259494503,SYNTH,,,99.91,8680,99.93,6000
QUOTE,1672583549428182659,SYNTH,,,99.92,9670,99.94,3780
TRADE,1672583549690812843,SYNTH,99.92,41,,,,
QUOTE,1672583550179680483,SYNTH,,,99.93,8970,99.95,9830
QUOTE,1672583550370848673,SYNTH,,,99.93,6710,99.95,2050
QUOTE,1672583550449124296,SYNTH,,,99.93,8480,99.95,7940
QUOTE,1672583550482797913,SYNTH,,,99.93,1400,99.95,7790
TRADE,1672583550668913065,SYNTH,99.93,26,,,,
QUOTE,1672583551106746272,SYNTH,,,99.93,9870,99.95,4880
TRADE,1672583551512776507,SYNTH,99.95,53,,,,
QUOTE,1672583552008797216,SYNTH,,,99.93,3540,99.95,3930
QUOTE,1672583552285036476,SYNTH,,,99.93,1360,99.95,9290
QUOTE,1672583552422965335,SYNTH,,,99.92,1500,99.94,9980
QUOTE,1672583552854652000,SYNTH,,,99.93,1580,99.95,4540
QUOTE,1672583553018255529,SYNTH,,,99.92,3760,99.94,3060
QUOTE,1672583553329420305,SYNTH,,,99.92,9680,99.94,8620
QUOTE,1672583553519673658,SYNTH,,,99.92,9950,99.94,5550
QUOTE,1672583553781758375,SYNTH,,,99.92,1560,99.94,3380
QUOTE,1672583553851068599,SYNTH,,,99.93,1860,99.95,6090
TRADE,1672583554216170067,SYNTH,99.93,37,,,,
TRADE,1672583554531713512,SYNTH,99.93,174,,,,
QUOTE,1672583555025064158,SYNTH,,,99.93,4940,99.95,8620
TRADE,1672583555275115837,SYNTH,99.95,61,,,,
QUOTE,1672583555450581844,SYNTH,,,99.93,3780,99.95,8960
QUOTE,1672583555741586490,SYNTH,,,99.92,3310,99.94,1350
TRADE,1672583556000681374,SYNTH,99.94,96,,,,
QUOTE,1672583556283278491,SYNTH,,,99.93,3630,99.95,5700
TRADE,1672583556653273395,SYNTH,99.95,73,,,,
TRADE,1672583557073291413,SYNTH,99.93,52,,,,
QUOTE,1672583557258361095,SYNTH,,,99.93,2440,99.95,8020
QUOTE,1672583557470413167,SYNTH,,,99.94,5690,99.96,9070
QUOTE,1672583557749584276,SYNTH,,,99.94,2110,99.96,2700
TRADE,1672583558038634804,SYNTH,99.96,148,,,,
QUOTE,1672583558052330800,SYNTH,,,99.95,9380,99.97,5490
QUOTE,1672583558311788955,SYNTH,,,99.96,3730,99.98,3670
QUOTE,1672583558735658012,SYNTH,,,99.96,1470,99.98,7550
TRADE,1672583559147588418,SYNTH,99.98,123,,,,
QUOTE,1672583559618732021,SYNTH,,,99.95,6950,99.97,9460
TRADE,1672583559803249109,SYNTH,99.95,59,,,,
QUOTE,1672583559823744639,SYNTH,,,99.95,5120,99.97,3470
QUOTE,1672583560115713681,SYNTH,,,99.96,7690,99.98,7500
TRADE,1672583560493661320,SYNTH,99.98,83,,,,
QUOTE,1672583560658768729,SYNTH,,,99.95,9260,99.97,8480
TRADE,1672583560830530557,SYNTH,99.97,24,,,,
TRADE,1672583561315052674,SYNTH,99.97,166,,,,
QUOTE,1672583561419820000,SYNTH,,,99.97,3290,99.99,2720
QUOTE,1672583561642007369,SYNTH,,,99.97,8980,99.99,9580
TRADE,1672583562100352201,SYNTH,99.97,74,,,,
QUOTE,1672583562380529603,SYNTH,,,99.97,3970,99.99,2220
QUOTE,1672583562443747199,SYNTH,,,99.97,5400,99.99,7950
QUOTE,1672583562652920095,SYNTH,,,99.97,4370,99.99,4270
TRADE,1672583562929398545,SYNTH,99.97,98,,,,
QUOTE,1672583562951008712,SYNTH,,,99.96,1410,99.98,5120
QUOTE,1672583563212470089,SYNTH,,,99.97,5930,99.99,6130
QUOTE,1672583563711668135,SYNTH,,,99.96,2090,99.98,3500
TRADE,1672583564055882394,SYNTH,99.96,188,,,,
TRADE,1672583564313651142,SYNTH,99.98,199,,,,
QUOTE,1672583564564541868,SYNTH,,,99.96,5120,99.98,8070
TRADE,1672583565001633413,SYNTH,99.96,62,,,,
QUOTE,1672583565446748775,SYNTH,,,99.97,8980,99.99,2050
QUOTE,1672583565653758495,SYNTH,,,99.96,2540,99.98,2330
QUOTE,1672583566067619156,SYNTH,,,99.97,8950,99.99,2450
TRADE,1672583566408030853,SYNTH,99.99,32,,,,
QUOTE,1672583566806625585,SYNTH,,,99.97,4280,99.99,8690
TRADE,1672583566890966046,SYNTH,99.97,140,,,,
TRADE,1672583566936167440,SYNTH,99.97,12,,,,
QUOTE,1672583567071477926,SYNTH,,,99.97,6480,99.99,6270
TRADE,1672583567265208577,SYNTH,99.97,85,,,,
TRADE,1672583567550667804,SYNTH,99.97,189,,,,
TRADE,1672583567825354494,SYNTH,99.97,125,,,,
QUOTE,1672583568135896494,SYNTH,,,99.98,8920,100.0,4360
QUOTE,1672583568354998909,SYNTH,,,99.98,5190,100.0,5520
QUOTE,1672583568515598477,SYNTH,,,99.99,8080,100.01,9840
TRADE,1672583568854150935,SYNTH,100.01,23,,,,
TRADE,1672583569233885264,SYNTH,99.99,47,,,,
TRADE,1672583569554992791,SYNTH,100.01,197,,,,
TRADE,1672583569729633115,SYNTH,100.01,114,,,,
QUOTE,1672583569805282227,SYNTH,,,100.0,7750,100.02,1870
QUOTE,1672583569951322151,SYNTH,,,100.01,5590,100.03,6610
QUOTE,1672583570380902296,SYNTH,,,100.0,4970,100.02,3930
TRADE,1672583570416495470,SYNTH,100.02,127,,,,
QUOTE,1672583570463613914,SYNTH,,,100.0,7840,100.02,2470
QUOTE,1672583570693207598,SYNTH,,,100.0,9620,100.02,3010
QUOTE,1672583570976308499,SYNTH,,,100.0,6090,100.02,8800
TRADE,1672583571176089563,SYNTH,100.0,170,,,,
QUOTE,1672583571324710009,SYNTH,,,99.99,1460,100.01,4740
QUOTE,1672583571362546149,SYNTH,,,99.99,2410,100.01,2760
QUOTE,1672583571828730524,SYNTH,,,99.98,4890,100.0,8980
QUOTE,1672583572115586605,SYNTH,,,99.98,2980,100.0,5420
TRADE,1672583572261923766,SYNTH,99.98,78,,,,
QUOTE,1672583572410938613,SYNTH,,,99.97,5000,99.99,4520
QUOTE,1672583572567976747,SYNTH,,,99.97,8280,99.99,1470
TRADE,1672583572823060193,SYNTH,99.97,79,,,,
QUOTE,1672583573249095397,SYNTH,,,99.96,9900,99.98,6490
QUOTE,1672583573514899760,SYNTH,,,99.96,6830,99.98,2620
QUOTE,1672583573574894022,SYNTH,,,99.97,9680,99.99,5790
TRADE,1672583573663823598,SYNTH,99.97,181,,,,
QUOTE,1672583574064008665,SYNTH,,,99.97,8750,99.99,8390
QUOTE,1672583574425181188,SYNTH,,,99.97,2050,99.99,8440
QUOTE,1672583574803534344,SYNTH,,,99.97,4490,99.99,3550
TRADE,1672583574843291548,SYNTH,99.97,148,,,,
QUOTE,1672583575272995032,SYNTH,,,99.96,6140,99.98,9610
QUOTE,1672583575438934166,SYNTH,,,99.97,9100,99.99,9520
QUOTE,1672583575501353662,SYNTH,,,99.98,4410,100.0,5950
TRADE,1672583575740600917,SYNTH,99.98,185,,,,
QUOTE,1672583576235291441,SYNTH,,,99.98,4890,100.0,5270
QUOTE,1672583576681231951,SYNTH,,,99.97,1840,99.99,7540
QUOTE,1672583576767208578,SYNTH,,,99.98,3360,100.0,9450
TRADE,1672583577179486231,SYNTH,99.98,163,,,,
QUOTE,1672583577510899279,SYNTH,,,99.98,9600,100.0,5720
TRADE,1672583577687921988,SYNTH,99.98,162,,,,
QUOTE,1672583578185086634,SYNTH,,,99.99,8690,100.01,3750
TRADE,1672583578345746782,SYNTH,100.01,72,,,,
TRADE,1672583578421084177,SYNTH,100.01,123,,,,
QUOTE,1672583578682630014,SYNTH,,,99.97,1890,99.99,1830
QUOTE,1672583578718130389,SYNTH,,,99.96,8150,99.98,8490
QUOTE,1672583579113199004,SYNTH,,,99.96,2690,99.98,4440
TRADE,1672583579331184258,SYNTH,99.96,170,,,,
QUOTE,1672583579709019348,SYNTH,,,99.94,4890,99.96,6720
QUOTE,1672583580148919952,SYNTH,,,99.94,9170,99.96,9190
TRADE,1672583580498558465,SYNTH,99.94,166,,,,
QUOTE,1672583580838940001,SYNTH,,,99.93,9720,99.95,5790
QUOTE,1672583581295943410,SYNTH,,,99.93,6090,99.95,6750
QUOTE,1672583581431621163,SYNTH,,,99.92,4320,99.94,9540
TRADE,1672583581737201815,SYNTH,99.92,23,,,,
QUOTE,1672583582063576311,SYNTH,,,99.93,9650,99.95,4710
QUOTE,1672583582184696467,SYNTH,,,99.94,7430,99.96,8810
QUOTE,1672583582517743202,SYNTH,,,99.93,7890,99.95,3360
QUOTE,1672583582739942877,SYNTH,,,99.94,7900,99.96,7080
QUOTE,1672583583216292154,SYNTH,,,99.94,1160,99.96,8360
TRADE,1672583583474429929,SYNTH,99.96,111,,,,
TRADE,1672583583798535585,SYNTH,99.96,177,,,,
QUOTE,1672583583875110550,SYNTH,,,99.95,7090,99.97,7880
QUOTE,1672583583942277489,SYNTH,,,99.96,8630,99.98,5750
QUOTE,1672583584284757913,SYNTH,,,99.97,4760,99.99,1260
TRADE,1672583584639696646,SYNTH,99.99,20,,,,
QUOTE,1672583584939294150,SYNTH,,,99.95,6850,99.97,6180
TRADE,1672583585238733557,SYNTH,99.95,156,,,,
TRADE,1672583585618360472,SYNTH,99.97,36,,,,
QUOTE,1672583585761037935,SYNTH,,,99.94,5310,99.96,2480
TRADE,1672583586055381045,SYNTH,99.94,158,,,,
QUOTE,1672583586461828135,SYNTH,,,99.94,4320,99.96,2860
QUOTE,1672583586795834909,SYNTH,,,99.94,7840,99.96,1230
TRADE,1672583586806054987,SYNTH,99.94,168,,,,
TRADE,1672583586859851422,SYNTH,99.96,118,,,,
QUOTE,1672583586988308637,SYNTH,,,99.95,1850,99.97,7450
TRADE,1672583587064475866,SYNTH,99.95,157,,,,
QUOTE,1672583587425209454,SYNTH,,,99.95,6660,99.97,5370
QUOTE,1672583587625729884,SYNTH,,,99.95,6230,99.97,6140
QUOTE,1672583587894169451,SYNTH,,,99.95,4450,99.97,5040
QUOTE,1672583588206962282,SYNTH,,,99.96,8250,99.98,9090
TRADE,1672583588653338903,SYNTH,99.98,170,,,,
QUOTE,1672583589108990635,SYNTH,,,99.97,3430,99.99,1260
TRADE,1672583589182787668,SYNTH,99.99,97,,,,
QUOTE,1672583589611580195,SYNTH,,,99.97,6120,99.99,2600
QUOTE,1672583589991277210,SYNTH,,,99.97,7390,99.99,2330
QUOTE,1672583590455785951,SYNTH,,,99.97,3080,99.99,8280
QUOTE,1672583590701255293,SYNTH,,,99.98,8040,100.0,5860
QUOTE,1672583591135236426,SYNTH,,,99.98,9800,100.0,3590
TRADE,1672583591626640668,SYNTH,99.98,127,,,,
TRADE,1672583591801171911,SYNTH,100.0,132,,,,
TRADE,1672583591882372310,SYNTH,99.98,17,,,,
QUOTE,1672583592042220372,SYNTH,,,99.99,7360,100.01,1950
QUOTE,1672583592500225662,SYNTH,,,99.98,2690,100.0,1740
TRADE,1672583592601776507,SYNTH,100.0,75,,,,
QUOTE,1672583592762109546,SYNTH,,,99.96,1640,99.98,9710
TRADE,1672583592997861639,SYNTH,99.98,12,,,,
QUOTE,1672583593496464714,SYNTH,,,99.98,7650,100.0,8980
QUOTE,1672583593548348393,SYNTH,,,99.97,1090,99.99,2650
TRADE,1672583593940063715,SYNTH,99.97,25,,,,
QUOTE,1672583594136330900,SYNTH,,,99.97,1590,99.99,8000
QUOTE,1672583594279409471,SYNTH,,,99.96,5820,99.98,2230
TRADE,1672583594747734357,SYNTH,99.98,25,,,,
QUOTE,1672583594763436970,SYNTH,,,99.98,6440,100.0,2690
QUOTE,1672583594872491473,SYNTH,,,99.98,4180,100.0,1110
TRADE,1672583594904516327,SYNTH,99.98,34,,,,
QUOTE,1672583595105889853,SYNTH,,,99.97,3580,99.99,9420
QUOTE,1672583595416933650,SYNTH,,,99.97,2950,99.99,6910
QUOTE,1672583595724495267,SYNTH,,,99.97,3330,99.99,5760
TRADE,1672583596122121574,SYNTH,99.97,25,,,,
QUOTE,1672583596361866021,SYNTH,,,99.97,2550,99.99,7720
TRADE,1672583596723593882,SYNTH,99.97,115,,,,
TRADE,1672583596913485565,SYNTH,99.99,102,,,,
QUOTE,1672583597297579287,SYNTH,,,99.98,5630,100.0,3890
QUOTE,1672583597599549920,SYNTH,,,99.98,3210,100.0,4190
QUOTE,1672583598083407503,SYNTH,,,99.98,4650,100.0,1700
TRADE,1672583598533422959,SYNTH,99.98,195,,,,
TRADE,1672583598685627903,SYNTH,99.98,199,,,,
QUOTE,1672583599130769220,SYNTH,,,99.99,4250,100.01,1330
QUOTE,1672583599424552201,SYNTH,,,99.99,1920,100.01,3870
QUOTE,1672583599905863497,SYNTH,,,99.98,8630,100.0,4780
TRADE,1672583600028956242,SYNTH,99.98,51,,,,
QUOTE,1672583600254960991,SYNTH,,,99.99,8770,100.01,1040
QUOTE,1672583600533293024,SYNTH,,,99.98,7160,100.0,8760
QUOTE,1672583600970478505,SYNTH,,,99.99,6830,100.01,6030
TRADE,1672583601159600279,SYNTH,100.01,139,,,,
QUOTE,1672583601198820026,SYNTH,,,99.99,6560,100.01,4960
QUOTE,1672583601566174466,SYNTH,,,99.98,9450,100.0,9080
QUOTE,1672583601742093695,SYNTH,,,99.99,6450,100.01,8570
TRADE,1672583601798239956,SYNTH,99.99,73,,,,
QUOTE,1672583601863448505,SYNTH,,,99.98,8880,100.0,5930
QUOTE,1672583602215442869,SYNTH,,,99.97,1820,99.99,7230
QUOTE,1672583602631641225,SYNTH,,,99.98,3030,100.0,3660
QUOTE,1672583602657061837,SYNTH,,,99.98,1920,100.0,8950
QUOTE,1672583602669248375,SYNTH,,,99.98,2440,100.0,2210
QUOTE,1672583602828827060,SYNTH,,,99.98,2290,100.0,9850
TRADE,1672583602850723068,SYNTH,99.98,86,,,,
QUOTE,1672583603009829933,SYNTH,,,100.0,8430,100.02,7420
QUOTE,1672583603367277298,SYNTH,,,100.01,5580,100.03,6170
QUOTE,1672583603729996147,SYNTH,,,100.01,4830,100.03,5590
QUOTE,1672583603884787396,SYNTH,,,100.01,6550,100.03,3730
TRADE,1672583604287723034,SYNTH,100.03,129,,,,
QUOTE,1672583604464406292,SYNTH,,,100.01,2650,100.03,3240
QUOTE,1672583604789120884,SYNTH,,,100.01,5280,100.03,1960
TRADE,1672583604860278758,SYNTH,100.01,69,,,,
TRADE,1672583605313187342,SYNTH,100.01,186,,,,
QUOTE,1672583605370081061,SYNTH,,,100.0,6810,100.02,2780
QUOTE,1672583605625373987,SYNTH,,,99.99,2970,100.01,7890
QUOTE,1672583606097099880,SYNTH,,,99.98,9330,100.0,6440
QUOTE,1672583606245979495,SYNTH,,,99.98,3660,100.0,1990
TRADE,1672583606510448121,SYNTH,99.98,67,,,,
TRADE,1672583606725776649,SYNTH,100.0,37,,,,
QUOTE,1672583606934019901,SYNTH,,,99.99,2300,100.01,7050
QUOTE,1672583607375289253,SYNTH,,,99.99,7210,100.01,9700
TRADE,1672583607871916161,SYNTH,99.99,82,,,,
TRADE,1672583607887605849,SYNTH,100.01,14,,,,
QUOTE,1672583608169688103,SYNTH,,,100.0,2240,100.02,4770
TRADE,1672583608516153023,SYNTH,100.02,66,,,,
QUOTE,1672583608579076306,SYNTH,,,99.98,5060,100.0,9520
TRADE,1672583609005355179,SYNTH,100.0,94,,,,
QUOTE,1672583609279157047,SYNTH,,,99.96,5220,99.98,5490
QUOTE,1672583609755060400,SYNTH,,,99.96,1100,99.98,8260
QUOTE,1672583609954902213,SYNTH,,,99.97,8170,99.99,4030
TRADE,1672583610297084094,SYNTH,99.97,101,,,,
TRADE,1672583610316102282,SYNTH,99.97,135,,,,
QUOTE,1672583610454754146,SYNTH,,,99.96,7150,99.98,3830
QUOTE,1672583610886384398,SYNTH,,,99.97,5970,99.99,7350
TRADE,1672583611270291977,SYNTH,99.99,99,,,,
QUOTE,1672583611426021746,SYNTH,,,99.98,2870,100.0,1150
QUOTE,1672583611568260917,SYNTH,,,99.97,7760,99.99,7980
QUOTE,1672583611847319506,SYNTH,,,99.96,8980,99.98,3860
TRADE,1672583612277615455,SYNTH,99.96,11,,,,
QUOTE,1672583612678961478,SYNTH,,,99.97,2960,99.99,2080
QUOTE,1672583613172597675,SYNTH,,,99.96,3990,99.98,1630
TRADE,1672583613208720613,SYNTH,99.96,86,,,,
QUOTE,1672583613564986864,SYNTH,,,99.95,1240,99.97,9120
QUOTE,1672583613818046680,SYNTH,,,99.94,1680,99.96,5230
TRADE,1672583613862136465,SYNTH,99.96,127,,,,
QUOTE,1672583614162399924,SYNTH,,,99.95,1160,99.97,8820
QUOTE,1672583614375534467,SYNTH,,,99.94,8790,99.96,7160
QUOTE,1672583614534364155,SYNTH,,,99.94,8210,99.96,4220
QUOTE,1672583614899087652,SYNTH,,,99.94,5910,99.96,4640
TRADE,1672583615046220584,SYNTH,99.96,145,,,,
TRADE,1672583615356118741,SYNTH,99.94,96,,,,
QUOTE,1672583615450808324,SYNTH,,,99.95,4100,99.97,9010
QUOTE,1672583615574706022,SYNTH,,,99.95,5370,99.97,1730
TRADE,1672583615882158394,SYNTH,99.95,104,,,,
TRADE,1672583615897170950,SYNTH,99.97,46,,,,
QUOTE,1672583615911398870,SYNTH,,,99.97,5430,99.99,8250
TRADE,1672583616072819828,SYNTH,99.97,132,,,,
QUOTE,1672583616214875929,SYNTH,,,99.98,7140,100.0,5140
TRADE,1672583616464179001,SYNTH,100.0,148,,,,
QUOTE,1672583616703076562,SYNTH,,,99.97,4870,99.99,2900
QUOTE,1672583617139766223,SYNTH,,,99.97,5570,99.99,5470
QUOTE,1672583617307810285,SYNTH,,,99.97,2820,99.99,3970
QUOTE,1672583617735360639,SYNTH,,,99.97,4300,99.99,8640
QUOTE,1672583618020922201,SYNTH,,,99.98,8760,100.0,2900
QUOTE,1672583618385460274,SYNTH,,,99.98,6390,100.0,7150
QUOTE,1672583618520295278,SYNTH,,,99.98,5040,100.0,2420
TRADE,1672583618531080099,SYNTH,99.98,31,,,,
TRADE,1672583618758154850,SYNTH,100.0,15,,,,
QUOTE,1672583619043831089,SYNTH,,,99.96,9020,99.98,4430
TRADE,1672583619369115118,SYNTH,99.98,140,,,,
TRADE,1672583619850280484,SYNTH,99.96,174,,,,
QUOTE,1672583619889784232,SYNTH,,,99.96,6700,99.98,2430
TRADE,1672583620337106529,SYNTH,99.98,118,,,,
QUOTE,1672583620536296211,SYNTH,,,99.95,2690,99.97,5760
QUOTE,1672583620906413773,SYNTH,,,99.96,1080,99.98,3450
QUOTE,1672583620948948489,SYNTH,,,99.96,6160,99.98,2800
QUOTE,1672583621281227319,SYNTH,,,99.96,6980,99.98,9410
TRADE,1672583621704458753,SYNTH,99.98,78,,,,
QUOTE,1672583621784878475,SYNTH,,,99.97,4480,99.99,4800
TRADE,1672583621954988525,SYNTH,99.99,73,,,,
QUOTE,1672583622164212528,SYNTH,,,99.98,7300,100.0,5110
QUOTE,1672583622441946847,SYNTH,,,99.97,5940,99.99,3470
TRADE,1672583622742229259,SYNTH,99.97,28,,,,
QUOTE,1672583622980266995,SYNTH,,,99.98,4610,100.0,5930
TRADE,1672583623027533279,SYNTH,100.0,63,,,,
QUOTE,1672583623156489109,SYNTH,,,99.99,9160,100.01,8560
TRADE,1672583623370641474,SYNTH,100.01,148,,,,
TRADE,1672583623731652112,SYNTH,99.99,97,,,,
QUOTE,1672583624209104774,SYNTH,,,99.98,9770,100.0,7710
QUOTE,1672583624617335477,SYNTH,,,99.98,9300,100.0,1160
QUOTE,1672583624953497819,SYNTH,,,99.98,9140,100.0,9550
QUOTE,1672583625267984483,SYNTH,,,99.99,7590,100.01,4170
QUOTE,1672583625722648148,SYNTH,,,99.98,4060,100.0,6960
QUOTE,1672583625948395842,SYNTH,,,99.99,4340,100.01,5810
QUOTE,1672583626060817507,SYNTH,,,99.99,8670,100.01,3640
QUOTE,1672583626476334662,SYNTH,,,99.99,2780,100.01,1560
QUOTE,1672583626786670837,SYNTH,,,99.99,1120,100.01,3950
QUOTE,1672583626925609167,SYNTH,,,100.0,4120,100.02,3790
QUOTE,1672583626954118227,SYNTH,,,100.0,2590,100.02,6070
QUOTE,1672583627306985958,SYNTH,,,100.01,6560,100.03,7950
TRADE,1672583627767453294,SYNTH,100.01,101,,,,
QUOTE,1672583627831727863,SYNTH,,,100.01,9250,100.03,5970
QUOTE,1672583628298254742,SYNTH,,,100.0,2590,100.02,1980
QUOTE,1672583628669665133,SYNTH,,,100.0,7910,100.02,3080
TRADE,1672583628687845870,SYNTH,100.02,36,,,,
QUOTE,1672583628840738879,SYNTH,,,99.99,2810,100.01,4190
TRADE,1672583629067819721,SYNTH,99.99,64,,,,
TRADE,1672583629103037201,SYNTH,100.01,84,,,,
QUOTE,1672583629256651142,SYNTH,,,99.98,2380,100.0,2330
TRADE,1672583629281038646,SYNTH,100.0,121,,,,
QUOTE,1672583629370630044,SYNTH,,,99.97,9800,99.99,9740
TRADE,1672583629557953548,SYNTH,99.97,116,,,,
TRADE,1672583629994121254,SYNTH,99.97,150,,,,
TRADE,1672583630252609097,SYNTH,99.99,85,,,,
QUOTE,1672583630268552193,SYNTH,,,99.95,1570,99.97,8680
QUOTE,1672583630455773478,SYNTH,,,99.95,4380,99.97,3180
QUOTE,1672583630741345184,SYNTH,,,99.94,4850,99.96,8990
QUOTE,1672583631236018273,SYNTH,,,99.94,2790,99.96,5710
QUOTE,1672583631542145457,SYNTH,,,99.95,5920,99.97,5830
TRADE,1672583631641321674,SYNTH,99.97,163,,,,
TRADE,1672583632021599591,SYNTH,99.95,120,,,,
TRADE,1672583632477587648,SYNTH,99.97,198,,,,
TRADE,1672583632929295034,SYNTH,99.95,191,,,,
TRADE,1672583633358912724,SYNTH,99.97,65,,,,
TRADE,1672583633620969056,SYNTH,99.95,84,,,,
TRADE,1672583634001607650,SYNTH,99.97,52,,,,
QUOTE,1672583634122972238,SYNTH,,,99.94,7410,99.96,7780
TRADE,1672583634610130802,SYNTH,99.96,137,,,,
QUOTE,1672583635105938311,SYNTH,,,99.96,6090,99.98,9250
QUOTE,1672583635247033215,SYNTH,,,99.95,1540,99.97,4620
QUOTE,1672583635614976278,SYNTH,,,99.95,9330,99.97,3450
QUOTE,1672583635736590945,SYNTH,,,99.96,2670,99.98,1140
QUOTE,1672583635953022666,SYNTH,,,99.97,4400,99.99,2500
QUOTE,1672583636363241730,SYNTH,,,99.96,8370,99.98,1590
QUOTE,1672583636675020308,SYNTH,,,99.95,1480,99.97,9670
QUOTE,1672583636806607144,SYNTH,,,99.95,4730,99.97,1520
TRADE,1672583637028387820,SYNTH,99.95,146,,,,
QUOTE,1672583637450926850,SYNTH,,,99.96,8960,99.98,5720
QUOTE,1672583637663670717,SYNTH,,,99.96,9310,99.98,1920
QUOTE,1672583638113665004,SYNTH,,,99.96,8030,99.98,4190
QUOTE,1672583638543486764,SYNTH,,,99.96,7710,99.98,5420
QUOTE,1672583638727183879,SYNTH,,,99.96,7090,99.98,9320
QUOTE,1672583639112150972,SYNTH,,,99.95,6400,99.97,5030
QUOTE,1672583639609705793,SYNTH,,,99.95,2620,99.97,2010
QUOTE,1672583640063092602,SYNTH,,,99.94,1570,99.96,8490
QUOTE,1672583640534211084,SYNTH,,,99.95,5750,99.97,4460
QUOTE,1672583640996929501,SYNTH,,,99.94,7530,99.96,5060
QUOTE,1672583641208986584,SYNTH,,,99.94,9620,99.96,7120
TRADE,1672583641313968074,SYNTH,99.96,136,,,,
QUOTE,1672583641348553092,SYNTH,,,99.93,5220,99.95,1830
QUOTE,1672583641846565583,SYNTH,,,99.93,4200,99.95,7120
QUOTE,1672583642096092660,SYNTH,,,99.92,6430,99.94,2000
QUOTE,1672583642495840519,SYNTH,,,99.92,3380,99.94,1540
QUOTE,1672583642954617081,SYNTH,,,99.93,4380,99.95,1100
QUOTE,1672583643101553902,SYNTH,,,99.94,4790,99.96,3310
QUOTE,1672583643495430889,SYNTH,,,99.93,3320,99.95,2140
TRADE,1672583643973878206,SYNTH,99.95,64,,,,
QUOTE,1672583644207764029,SYNTH,,,99.93,3550,99.95,2090
TRADE,1672583644373849985,SYNTH,99.95,77,,,,
QUOTE,1672583644604678711,SYNTH,,,99.93,4800,99.95,4480
QUOTE,1672583644906542952,SYNTH,,,99.94,5380,99.96,6810
QUOTE,1672583645305153778,SYNTH,,,99.94,6920,99.96,7790
QUOTE,1672583645490410038,SYNTH,,,99.94,3920,99.96,5300
TRADE,1672583645771215155,SYNTH,99.96,20,,,,
QUOTE,1672583646059551354,SYNTH,,,99.95,7370,99.97,6760
QUOTE,1672583646337143409,SYNTH,,,99.94,4670,99.96,2520
QUOTE,1672583646451696825,SYNTH,,,99.94,2170,99.96,3130
QUOTE,1672583646726781754,SYNTH,,,99.95,8900,99.97,6740
QUOTE,1672583646753782467,SYNTH,,,99.94,5520,99.96,9000
QUOTE,1672583647238875083,SYNTH,,,99.94,6060,99.96,9390
QUOTE,1672583647290285685,SYNTH,,,99.94,7180,99.96,3340
QUOTE,1672583647457799697,SYNTH,,,99.94,9120,99.96,5610
QUOTE,1672583647577155622,SYNTH,,,99.94,2770,99.96,7390
QUOTE,1672583647687259479,SYNTH,,,99.95,8510,99.97,8620
QUOTE,1672583647763211441,SYNTH,,,99.95,4070,99.97,1230
QUOTE,1672583647783184353,SYNTH,,,99.96,9780,99.98,2200
QUOTE,1672583648126161515,SYNTH,,,99.97,6660,99.99,6830
QUOTE,1672583648588164917,SYNTH,,,99.97,4100,99.99,9490
QUOTE,1672583648985860817,SYNTH,,,99.98,7850,100.0,8550
TRADE,1672583649370143639,SYNTH,99.98,185,,,,
QUOTE,1672583649726811822,SYNTH,,,99.96,2870,99.98,4750
QUOTE,1672583649797744681,SYNTH,,,99.95,1350,99.97,2440
QUOTE,1672583649896205364,SYNTH,,,99.95,2540,99.97,1370
TRADE,1672583649922532047,SYNTH,99.97,35,,,,
QUOTE,1672583650186080628,SYNTH,,,99.96,5690,99.98,3480
QUOTE,1672583650549609417,SYNTH,,,99.95,9540,99.97,3930
QUOTE,1672583650968307938,SYNTH,,,99.94,9310,99.96,6190
QUOTE,1672583651249151836,SYNTH,,,99.93,7750,99.95,3390
QUOTE,1672583651386336582,SYNTH,,,99.92,3130,99.94,2450
QUOTE,1672583651799481613,SYNTH,,,99.92,3260,99.94,6620
QUOTE,1672583652071470233,SYNTH,,,99.91,4310,99.93,8540
TRADE,1672583652318676233,SYNTH,99.93,140,,,,
QUOTE,1672583652751375884,SYNTH,,,99.9,5340,99.92,4650
QUOTE,1672583652865606685,SYNTH,,,99.91,7440,99.93,1940
QUOTE,1672583652978404267,SYNTH,,,99.92,5030,99.94,9210
QUOTE,1672583653466127567,SYNTH,,,99.91,4520,99.93,5070
TRADE,1672583653705634263,SYNTH,99.93,78,,,,
QUOTE,1672583653938184640,SYNTH,,,99.9,6720,99.92,3730
QUOTE,1672583654285845035,SYNTH,,,99.9,3840,99.92,3210
QUOTE,1672583654522615013,SYNTH,,,99.9,4840,99.92,7750
QUOTE,1672583655019485938,SYNTH,,,99.91,4390,99.93,1200
QUOTE,1672583655339123534,SYNTH,,,99.9,9230,99.92,9960
TRADE,1672583655598655233,SYNTH,99.92,91,,,,
QUOTE,1672583655932941101,SYNTH,,,99.89,2720,99.91,1370
QUOTE,1672583655945002978,SYNTH,,,99.88,1500,99.9,3260
TRADE,1672583656075616708,SYNTH,99.88,66,,,,
QUOTE,1672583656526653913,SYNTH,,,99.87,7650,99.89,2410
QUOTE,1672583656640560433,SYNTH,,,99.86,8870,99.88,3250
TRADE,1672583656663915234,SYNTH,99.86,23,,,,
QUOTE,1672583657078477597,SYNTH,,,99.87,4640,99.89,9690
QUOTE,1672583657405440471,SYNTH,,,99.87,8210,99.89,1260
QUOTE,1672583657510906868,SYNTH,,,99.88,5960,99.9,5000
QUOTE,1672583657629315305,SYNTH,,,99.88,6640,99.9,6800
QUOTE,1672583657767092938,SYNTH,,,99.88,1250,99.9,6640
TRADE,1672583657939883732,SYNTH,99.88,78,,,,
TRADE,1672583658418463568,SYNTH,99.9,109,,,,
QUOTE,1672583658650051643,SYNTH,,,99.88,2100,99.9,9560
QUOTE,1672583659107597550,SYNTH,,,99.87,2250,99.89,6610
TRADE,1672583659270813995,SYNTH,99.89,179,,,,
QUOTE,1672583659471280709,SYNTH,,,99.87,5340,99.89,6520
QUOTE,1672583659535166615,SYNTH,,,99.86,5280,99.88,3620
QUOTE,1672583659752404711,SYNTH,,,99.86,9720,99.88,9450
QUOTE,1672583660051211893,SYNTH,,,99.85,1800,99.87,3160
